Order,pSamples,pTaxa
Araneae,92.60000000000001,8.3
Coleoptera,51.9,8.1
Diptera,98.4,37.1
Ephemeroptera,14.799999999999999,0.4
Hemiptera,66.7,8.4
Lepidoptera,94.19999999999999,23.200000000000003
Psocodea,37,1.9
Trichoptera,22.2,0.7000000000000001
