Order,pSamples,pTaxa
Araneae,91.8,8.4
Coleoptera,53.1,8.200000000000001
Diptera,98.5,37.3
Ephemeroptera,14.799999999999999,0.4
Hemiptera,66.8,8.4
Lepidoptera,93.4,23.200000000000003
Psocodea,35.699999999999996,1.7999999999999998
Trichoptera,23,0.6
