,Df,Sum.Sq,Mean.Sq,F.value,Pr..F.
Groups,22,0.187173917952085,0.00850790536145841,2.85278389147784,4.32700296663104e-05
Residuals,242,0.721720668580454,0.00298231681231593,NA,NA
