,Df,Sum.Sq,Mean.Sq,F.value,Pr..F.
Groups,22,0.196612896073953,0.00893694982154333,2.93566566353981,2.60734191450614e-05
Residuals,242,0.736712590835585,0.00304426690427928,NA,NA
