,Df,Sum.Sq,Mean.Sq,F.value,Pr..F.
Groups,22,0.0292123727758303,0.00132783512617411,0.561033760966088,0.945453590796328
Residuals,242,0.57275715454414,0.00236676510142206,NA,NA
