,Df,Sum.Sq,Mean.Sq,F.value,Pr..F.
Groups,22,0.18182009925307,0.00826454996604864,2.6929097862424,0.000113957200359914
Residuals,242,0.742698883565103,0.00306900365109547,NA,NA
