,Df,Sum.Sq,Mean.Sq,F.value,Pr..F.
Groups,22,0.028470916052434,0.00129413254783791,0.545219441042425,0.953439733230216
Residuals,242,0.574411059110427,0.00237359941781168,NA,NA
