,Df,Sum.Sq,Mean.Sq,F.value,Pr..F.
Groups,22,0.0296896956508081,0.00134953162049128,0.573133069489251,0.938769770215349
Residuals,242,0.569826920735751,0.00235465669725517,NA,NA
